id,engine,asset,timeframe,signal,entry,sl,tp,confidence,reason,ts,rsi,vol_change,dist_ema,result
215,ai,SOL/USDT,1h,SHORT,118.83,116.4534,123.5832,25.0,,2026-01-30T19:25:35.360370,65.44454628780937,-0.6308654480397768,0.015459888567948258,
214,ai,BTC/USDT,1h,SHORT,84396.1,82708.178,87771.944,25.0,,2026-01-30T19:25:35.016137,65.84470206451888,-0.545805079407857,0.010699023176065062,
213,ai,ETH/USDT,1h,LONG,2667.88,2614.5224,2774.5952,75.0,,2026-01-30T18:29:02.687272,30.53273987060058,-0.0642847147389155,-0.029705690499586285,
212,ai,SOL/USDT,1h,SHORT,117.59,115.2382,122.29360000000001,25.0,,2026-01-30T17:26:18.594310,65.86345381526101,-0.5993796093746767,0.0070029901548248575,
211,ai,ETH/USDT,1h,LONG,2732.52,2677.8696,2841.8208,75.0,,2026-01-30T14:27:58.928946,34.09588921027256,-0.6218377441794478,-0.012843423662333046,
210,ai,ETH/USDT,1h,LONG,2736.15,2681.427,2845.596,75.0,,2026-01-30T13:48:35.502122,31.79482860271196,-0.021595707448834656,-0.013135235533526276,
209,ai,BTC/USDT,1h,LONG,82816.7,81160.366,86129.368,75.0,,2026-01-30T13:48:35.318108,33.101200177804074,0.19099100928303603,-0.008816021920334392,
208,ai,BNB/USDT,1h,LONG,838.3,821.534,871.832,75.0,,2026-01-30T12:32:22.570295,31.464968152866206,-0.4052379489361031,-0.016574923765560544,
207,ai,ETH/USDT,1h,LONG,2745.96,2691.0407999999998,2855.7984,75.0,,2026-01-30T12:32:22.155407,33.87657540199912,-0.2513050330961445,-0.011157229151719714,
206,ai,BTC/USDT,1h,LONG,82785.2,81129.496,86096.608,75.0,,2026-01-30T12:32:22.001405,33.753107179412154,-0.3754065397544195,-0.010176096504679011,
205,ai,BNB/USDT,1h,LONG,838.3,821.534,871.832,75.0,,2026-01-30T11:21:37.094351,31.41289437585732,-0.8519509668508287,-0.017861961707826945,
204,ai,ETH/USDT,1h,LONG,2741.12,2686.2976,2850.7648,75.0,,2026-01-30T11:21:36.718768,30.276616113266428,-0.7152886298938668,-0.013540834797521915,
203,ai,BTC/USDT,1h,LONG,82839.9,81183.102,86153.496,75.0,,2026-01-30T11:21:36.541852,32.690284110838206,-0.7314043660751155,-0.01028048529931188,
202,ai,BNB/USDT,1h,LONG,837.9,821.1419999999999,871.416,75.0,,2026-01-30T10:23:56.849112,31.432545201668916,-0.785797383849972,-0.020162422931666354,
201,ai,ETH/USDT,1h,LONG,2724.97,2670.4705999999996,2833.9688,75.0,,2026-01-30T10:23:56.467669,29.329452019814966,-0.6750461526707117,-0.020647283781538236,
200,ai,BTC/USDT,1h,LONG,82483.4,80833.73199999999,85782.73599999999,75.0,,2026-01-30T10:23:56.291822,32.041079910007355,-0.7372057841331497,-0.01539325436067493,
199,ai,BNB/USDT,1h,LONG,839.1,822.318,872.6640000000001,75.0,,2026-01-30T09:30:07.458590,34.50292397660823,0.28577434564909576,-0.021391670545575062,
198,ai,ETH/USDT,1h,LONG,2727.38,2672.8324000000002,2836.4752000000003,75.0,,2026-01-30T09:30:07.096627,32.179754694895465,-0.5846391013817104,-0.02216612075684485,
197,ai,BTC/USDT,1h,LONG,82444.5,80795.61,85742.28,75.0,,2026-01-30T09:30:06.907847,33.78902988812834,-0.5719683461436476,-0.017653680102923508,
196,ai,ETH/USDT,1h,LONG,2736.43,2681.7014,2845.8872,75.0,,2026-01-30T07:35:05.016231,33.90358268004978,-0.3418878418124919,-0.023311568437998878,
195,ai,BNB/USDT,1h,LONG,840.3,823.4939999999999,873.912,75.0,,2026-01-30T06:35:57.836273,29.870129870129816,-0.34785450255269845,-0.02617825328970169,
194,ai,SOL/USDT,1h,LONG,113.92,111.6416,118.47680000000001,75.0,,2026-01-30T06:35:57.035314,29.080364540182245,-0.29118249745102875,-0.030861349123736292,
193,ai,ETH/USDT,1h,LONG,2719.48,2665.0904,2828.2592,75.0,,2026-01-30T06:35:56.838945,28.143261074458096,0.3282059922461431,-0.032262431981927096,
192,ai,BTC/USDT,1h,LONG,82439.5,80790.70999999999,85737.08,75.0,,2026-01-30T06:35:56.679963,28.90611001612612,-0.06968942704677994,-0.0231265930619668,
191,ai,ETH/USDT,1h,LONG,2750.43,2695.4213999999997,2860.4472,75.0,,2026-01-30T05:10:31.459825,34.911121983039806,-0.8937271700390265,-0.024193595823735075,
190,ai,BNB/USDT,1h,LONG,845.8,828.8839999999999,879.632,75.0,,2026-01-30T04:00:42.734172,23.86363636363629,-0.9902428759704518,-0.023923178245718064,
189,ai,SOL/USDT,1h,LONG,114.4,112.11200000000001,118.97600000000001,75.0,,2026-01-30T04:00:42.584799,27.49244712990938,-0.9912311929952441,-0.03110068445109296,
188,ai,ETH/USDT,1h,LONG,2741.37,2686.5425999999998,2851.0248,75.0,,2026-01-30T04:00:42.322177,26.205850181715547,-0.9948564900630851,-0.029802392878496103,
187,ai,BTC/USDT,1h,LONG,82693.0,81039.14,86000.72,75.0,,2026-01-30T04:00:42.175462,24.25418124082273,-0.9911317613186527,-0.02433888514472527,
186,ai,BNB/USDT,1h,LONG,863.9,846.622,898.456,75.0,,2026-01-30T01:07:57.091985,21.428571428571416,-0.8744637003271551,-0.013008818422503047,
185,ai,SOL/USDT,1h,LONG,117.65,115.297,122.35600000000001,75.0,,2026-01-30T01:07:56.836935,28.807947019867584,-0.7963178602352271,-0.015683476016170695,
184,ai,ETH/USDT,1h,LONG,2810.89,2754.6722,2923.3256,75.0,,2026-01-30T01:07:56.653049,29.14671923401862,-0.8958277614535624,-0.017100806702324455,
183,ai,BTC/USDT,1h,LONG,84186.4,82502.67199999999,87553.856,75.0,,2026-01-30T01:07:56.485362,24.741239556054282,-0.8443986495817668,-0.01735245172565445,
182,ai,BNB/USDT,1h,LONG,868.9,851.5219999999999,903.6560000000001,75.0,,2026-01-29T23:49:04.995292,20.034246575342394,-0.00013442450182277188,-0.00995570934814021,
181,ai,SOL/USDT,1h,LONG,117.89,115.5322,122.60560000000001,75.0,,2026-01-29T23:49:04.877480,29.49125596184423,0.011737614410955777,-0.017282823914850927,
180,ai,ETH/USDT,1h,LONG,2825.65,2769.137,2938.6760000000004,75.0,,2026-01-29T23:49:04.761296,29.133437767018023,0.06939533082163929,-0.01599038928650543,
179,ai,BTC/USDT,1h,LONG,84680.9,82987.28199999999,88068.136,75.0,,2026-01-29T23:49:04.643252,26.898147482789653,0.17944512660389522,-0.015365102979408256,
178,ai,BNB/USDT,1h,LONG,866.3,848.9739999999999,900.952,75.0,,2026-01-29T23:18:06.627728,17.586206896551644,-0.7714944778414652,-0.012699092791165257,
177,ai,SOL/USDT,1h,LONG,117.42,115.0716,122.11680000000001,75.0,,2026-01-29T23:18:06.457475,27.389558232931776,-0.620754533592085,-0.020970940472264867,
176,ai,ETH/USDT,1h,LONG,2815.84,2759.5232,2928.4736000000003,75.0,,2026-01-29T23:18:06.307820,27.292553001322844,-0.6319419547582867,-0.019195922521138074,
175,ai,BTC/USDT,1h,LONG,84532.1,82841.458,87913.384,75.0,,2026-01-29T23:18:06.107974,25.522842048580173,-0.7015355737405476,-0.016983649871061886,
174,ai,BNB/USDT,1h,LONG,864.1,846.818,898.6640000000001,75.0,,2026-01-29T22:18:15.302967,14.893617021276427,-0.6608480732862235,-0.01627568060674243,
173,ai,SOL/USDT,1h,LONG,117.53,115.1794,122.2312,75.0,,2026-01-29T22:18:15.126242,26.86447473937453,-0.7680694022682384,-0.022230219043642776,
172,ai,ETH/USDT,1h,LONG,2812.96,2756.7008,2925.4784,75.0,,2026-01-29T22:18:14.946846,25.962562253134166,-0.7943066827193199,-0.022067104892445632,
171,ai,BTC/USDT,1h,LONG,84395.0,82707.09999999999,87770.8,75.0,,2026-01-29T22:18:14.766458,24.109902205664326,-0.8180161679715375,-0.020273806579059507,
170,ai,BNB/USDT,1h,LONG,864.0,846.72,898.5600000000001,75.0,,2026-01-29T21:18:39.069173,13.547237076648727,-0.8055403107051453,-0.01797976310746734,
169,ai,SOL/USDT,1h,LONG,117.32,114.97359999999999,122.0128,75.0,,2026-01-29T21:18:38.948720,24.646781789638922,-0.6617679411669162,-0.02634124887243158,
168,ai,ETH/USDT,1h,LONG,2817.85,2761.493,2930.564,75.0,,2026-01-29T21:18:38.818133,25.38055403181572,-0.5490787023215695,-0.022611658641495967,
167,ai,BTC/USDT,1h,LONG,84381.6,82693.96800000001,87756.86400000002,75.0,,2026-01-29T21:18:38.696020,22.11205805417255,-0.600948113948458,-0.022457598818220313,
166,ai,BNB/USDT,1h,LONG,861.7,844.466,896.1680000000001,75.0,,2026-01-29T20:19:24.037031,14.768683274021313,-0.845855356836667,-0.022294976639663053,
165,ai,SOL/USDT,1h,LONG,117.02,114.6796,121.7008,75.0,,2026-01-29T20:19:23.884483,23.322683706070293,-0.7725034416146921,-0.03185324838473391,
164,ai,ETH/USDT,1h,LONG,2797.78,2741.8244,2909.6912,75.0,,2026-01-29T20:19:23.759983,21.360696607291345,-0.854500691060541,-0.032106996269566444,
163,ai,BTC/USDT,1h,LONG,84138.4,82455.632,87503.936,75.0,,2026-01-29T20:19:23.578457,19.617120712927388,-0.7803252832410128,-0.027738877417632726,
162,ai,BNB/USDT,1h,LONG,853.6,836.528,887.744,75.0,,2026-01-29T19:24:19.953276,12.645590682196229,-0.7249514022410897,-0.033637943420826384,
161,ai,SOL/USDT,1h,LONG,115.54,113.2292,120.1616,75.0,,2026-01-29T19:24:19.799071,17.725752508361225,-0.7036930016790388,-0.0474667907060088,
160,ai,ETH/USDT,1h,LONG,2771.81,2716.3738,2882.6824,75.0,,2026-01-29T19:24:19.644581,14.904015326269644,-0.6460005167509651,-0.04434923679293237,
159,ai,BTC/USDT,1h,LONG,83571.2,81899.776,86914.048,75.0,,2026-01-29T19:24:19.477286,14.261165724901105,-0.7073525300793777,-0.0371995092438717,
158,ai,BNB/USDT,1h,LONG,860.2,842.996,894.6080000000001,75.0,,2026-01-29T18:31:36.167316,13.718411552346481,0.2856645193247167,-0.02947142415077437,
157,ai,SOL/USDT,1h,LONG,116.8,114.464,121.472,75.0,,2026-01-29T18:31:36.049694,19.50321987120516,-0.4478574879241636,-0.04199873562811737,
156,ai,ETH/USDT,1h,LONG,2787.53,2731.7794000000004,2899.0312000000004,75.0,,2026-01-29T18:31:35.924880,13.078902229845639,-0.5012892766460835,-0.04394496879374174,
155,ai,BTC/USDT,1h,LONG,83766.1,82090.778,87116.744,75.0,,2026-01-29T18:31:35.804388,13.243055667640292,-0.47431000212674,-0.039064915683867635,
154,ai,BNB/USDT,1h,LONG,867.8,850.444,902.512,75.0,,2026-01-29T17:30:31.477728,24.86865148861628,-0.7006088736876825,-0.024045126223023783,
153,ai,SOL/USDT,1h,LONG,119.11,116.7278,123.87440000000001,75.0,,2026-01-29T17:30:31.310916,28.478260869565318,-0.40811914892546786,-0.02714837460646158,
152,ai,ETH/USDT,1h,LONG,2840.33,2783.5234,2953.9432,75.0,,2026-01-29T17:30:30.988127,21.41733082897609,-0.4724909877222412,-0.029670068057105998,
151,ai,BTC/USDT,1h,LONG,85031.0,83330.38,88432.24,75.0,,2026-01-29T17:30:30.793410,20.96792801107503,-0.505172002109663,-0.028575901569772025,
150,ai,BNB/USDT,1h,LONG,859.1,841.918,893.464,75.0,,2026-01-29T16:31:46.660540,20.299500831946716,-0.7499608477399866,-0.036317294827180484,
149,ai,SOL/USDT,1h,LONG,117.48,115.13040000000001,122.17920000000001,75.0,,2026-01-29T16:31:46.459393,14.184397163120707,-0.736119724509085,-0.04311677177061051,
148,ai,ETH/USDT,1h,LONG,2811.7,2755.466,2924.168,75.0,,2026-01-29T16:31:46.329367,13.11826884722774,-0.7079059045892173,-0.04252497847964031,
147,ai,BTC/USDT,1h,LONG,84482.3,82792.654,87861.592,75.0,,2026-01-29T16:31:46.175362,17.425413731890245,-0.7207498050540498,-0.03742094289372844,
146,ai,BNB/USDT,1h,LONG,869.4,852.012,904.176,75.0,,2026-01-29T15:26:35.272840,22.344322344322265,0.338388408507744,-0.028420440982072342,
145,ai,SOL/USDT,1h,LONG,118.76,116.3848,123.5104,75.0,,2026-01-29T15:26:35.075850,15.056461731493258,0.38813063833389183,-0.03726452044689599,
144,ai,ETH/USDT,1h,LONG,2836.95,2780.211,2950.428,75.0,,2026-01-29T15:26:34.858225,12.610237730061328,0.6706497328232088,-0.038131791738319654,
143,ai,BTC/USDT,1h,LONG,85546.2,83835.276,88968.048,75.0,,2026-01-29T15:26:34.680113,18.70313460356479,0.34102272826905033,-0.029124625858909663,
142,ai,BNB/USDT,1h,LONG,888.9,871.122,924.456,75.0,,2026-01-29T14:32:46.437372,31.2820512820512,-0.26695482910631474,-0.009971717901137225,
141,ai,SOL/USDT,1h,LONG,121.95,119.511,126.828,75.0,,2026-01-29T14:32:46.232610,21.50537634408623,-0.2783656207692822,-0.015227460910591389,
140,ai,ETH/USDT,1h,LONG,2919.12,2860.7376,3035.8848,75.0,,2026-01-29T14:32:46.111226,18.419210305236575,-0.042385114743468844,-0.014237295863462066,
139,ai,BTC/USDT,1h,LONG,87819.0,86062.62,91331.76000000001,75.0,,2026-01-29T14:32:45.984770,29.0178003814367,-0.38214932021963344,-0.006383800151361019,
138,ai,BNB/USDT,1h,LONG,890.8,872.9839999999999,926.432,75.0,,2026-01-29T13:53:28.150063,33.599999999999866,-0.3394929512507705,-0.008901459029723757,
137,ai,SOL/USDT,1h,LONG,122.81,120.3538,127.72240000000001,75.0,,2026-01-29T13:53:27.990031,23.819301848049577,-0.17232474107105156,-0.009642966457091921,
136,ai,ETH/USDT,1h,LONG,2934.77,2876.0746,3052.1608,75.0,,2026-01-29T13:53:27.824326,20.477895392278924,-0.37876599710406067,-0.010274074538736747,
135,ai,BTC/USDT,1h,LONG,88020.1,86259.698,91540.90400000001,75.0,,2026-01-29T13:53:27.668195,29.444587795123226,-0.4125946386369299,-0.004743814786380006,
134,ai,BNB/USDT,1h,LONG,890.9,873.082,926.5360000000001,75.0,,2026-01-29T12:33:12.487267,32.55813953488364,-0.3187600163217996,-0.009695119288308154,
133,ai,SOL/USDT,1h,LONG,123.1,120.63799999999999,128.024,75.0,,2026-01-29T12:33:12.156164,25.69316081330878,-0.6418939281642415,-0.008463868751780408,
132,ai,ETH/USDT,1h,LONG,2935.42,2876.7116,3052.8368,75.0,,2026-01-29T12:33:12.007836,18.638451690639357,-0.8277607647292798,-0.01107638466646367,
131,ai,BTC/USDT,1h,LONG,87978.9,86219.32199999999,91498.056,75.0,,2026-01-29T12:33:11.861088,26.327545943750465,-0.6143940029169446,-0.005566597085051808,
130,ai,SOL/USDT,1h,LONG,122.94,120.4812,127.8576,75.0,,2026-01-29T11:24:13.793228,25.242718446602197,-0.15978722804359236,-0.010804536895832693,
129,ai,ETH/USDT,1h,LONG,2927.01,2868.4698000000003,3044.0904000000005,75.0,,2026-01-29T11:24:13.630751,14.182783466059831,0.49230458567710356,-0.015065703691173419,
128,ai,BTC/USDT,1h,LONG,87873.7,86116.226,91388.648,75.0,,2026-01-29T11:24:13.458827,22.587570217181323,-0.4843819641297056,-0.007400639305875177,
127,ai,SOL/USDT,1h,LONG,123.22,120.7556,128.1488,75.0,,2026-01-29T10:27:32.696784,27.494908350305536,-0.5708375155792675,-0.009639255016274802,
126,ai,ETH/USDT,1h,LONG,2946.52,2887.5896,3064.3808,75.0,,2026-01-29T10:27:32.530622,23.963060265902385,-0.5272848115600286,-0.00997619916612517,
125,ai,BTC/USDT,1h,LONG,87899.6,86141.60800000001,91415.584,75.0,,2026-01-29T10:27:32.358837,29.192861488542064,-0.5775905575131783,-0.007836091416419945,
124,ai,SOL/USDT,1h,LONG,123.1,120.63799999999999,128.024,75.0,,2026-01-29T09:33:20.004871,22.433460076045677,-0.595297327697202,-0.01168308628695714,
123,ai,ETH/USDT,1h,LONG,2948.94,2889.9612,3066.8976000000002,75.0,,2026-01-29T09:33:19.806216,21.917467683128905,-0.816400083263574,-0.010388441711199183,
122,ai,BTC/USDT,1h,LONG,87973.7,86214.226,91492.648,75.0,,2026-01-29T09:33:19.561438,27.3131531302609,-0.7940913324473851,-0.00789855510397199,
121,ai,SOL/USDT,1h,LONG,123.64,121.1672,128.5856,75.0,,2026-01-29T08:27:58.207341,24.583333333333414,-0.3697186739757383,-0.008760801875181223,
120,ai,ETH/USDT,1h,LONG,2960.07,2900.8686000000002,3078.4728000000005,75.0,,2026-01-29T08:27:57.852724,25.108147080028743,0.17186749583731942,-0.007905279513850528,
119,ai,BTC/USDT,1h,LONG,88213.6,86449.32800000001,91742.14400000001,75.0,,2026-01-29T08:27:57.733363,28.211942257218,-0.1976852023680601,-0.006151822687984923,
118,ai,SOL/USDT,1h,LONG,123.5,121.03,128.44,75.0,,2026-01-29T08:05:59.591007,23.886639676113433,-0.8452342832865938,-0.009795644866202057,
117,ai,ETH/USDT,1h,LONG,2955.74,2896.6252,3073.9696,75.0,,2026-01-29T08:05:59.433675,24.165148755312515,-0.7108497619226661,-0.00924134533350013,
116,ai,BTC/USDT,1h,LONG,88192.1,86428.258,91719.78400000001,75.0,,2026-01-29T08:05:59.269479,28.014334582179657,-0.7838663002366146,-0.00637373386860695,
115,ai,SOL/USDT,1h,LONG,123.77,121.29459999999999,128.7208,75.0,,2026-01-29T07:59:50.764364,22.89628180039135,0.21740970200900023,-0.00861801384187905,
114,ai,ETH/USDT,1h,LONG,2961.43,2902.2014,3079.8872,75.0,,2026-01-29T07:59:50.619191,25.794732061761835,0.3884249620293261,-0.008265442314202622,
113,ai,BTC/USDT,1h,LONG,88347.6,86580.648,91881.50400000002,75.0,,2026-01-29T07:59:50.474736,24.30331807133588,0.4444871623434934,-0.005273209624678566,
112,ai,SOL/USDT,1h,LONG,123.95,121.471,128.90800000000002,75.0,,2026-01-29T07:55:59.826916,25.51984877126661,0.1267625332772604,-0.007292539201646441,
111,ai,ETH/USDT,1h,LONG,2964.05,2904.7690000000002,3082.612,75.0,,2026-01-29T07:55:58.756221,27.51951738821863,0.273431764272845,-0.007458962645415072,
110,ai,BTC/USDT,1h,LONG,88414.7,86646.406,91951.288,75.0,,2026-01-29T07:55:58.586022,25.71214600726705,0.25014401739197245,-0.004583050780816497,
109,ai,SOL/USDT,1h,LONG,123.7,121.226,128.648,75.0,,2026-01-29T06:35:00.514865,28.233151183970946,-0.6631852819503882,-0.01010052990818454,
108,ai,ETH/USDT,1h,LONG,2958.53,2899.3594000000003,3076.8712000000005,75.0,,2026-01-29T06:35:00.357253,33.16973415132938,-0.39952793904820005,-0.010191283277157584,
107,ai,BTC/USDT,1h,LONG,88317.4,86551.052,91850.09599999999,75.0,,2026-01-29T06:35:00.194197,33.64796234361444,-0.44209826419047404,-0.006164805885331743,
106,ai,SOL/USDT,1h,LONG,123.26,120.79480000000001,128.1904,75.0,,2026-01-29T06:10:12.362573,21.98019801980213,-0.8730469457412738,-0.013364008697439967,
105,ai,ETH/USDT,1h,LONG,2954.93,2895.8313999999996,3073.1272,75.0,,2026-01-29T06:10:12.184109,31.14201432785498,-0.7677339027899523,-0.011305189665161374,
104,ai,BTC/USDT,1h,LONG,88257.0,86491.86,91787.28,75.0,,2026-01-29T06:10:11.865428,32.640024144261986,-0.8042535420156361,-0.006787771936193788,
103,ai,SOL/USDT,1h,LONG,123.35,120.883,128.284,75.0,,2026-01-29T06:06:50.070845,23.346303501945513,-0.9061875376431091,-0.012694584859860646,
102,ai,ETH/USDT,1h,LONG,2956.88,2897.7424,3075.1552,75.0,,2026-01-29T06:06:49.885628,32.25538971807637,-0.840129864267786,-0.010701487014347819,
101,ai,BTC/USDT,1h,LONG,88292.9,86527.04199999999,91824.616,75.0,,2026-01-29T06:06:49.712630,33.24277168494508,-0.8857954526844438,-0.0064173963228605375,
100,ai,SOL/USDT,1h,LONG,123.17,120.7066,128.0968,75.0,,2026-01-29T05:58:03.616624,22.200772200772434,-0.10685213193661991,-0.015448931036258868,
99,ai,ETH/USDT,1h,LONG,2949.34,2890.3532,3067.3136000000004,75.0,,2026-01-29T05:58:03.466269,26.73505369450237,-0.24685767933502023,-0.01434579633292459,
98,ai,BTC/USDT,1h,LONG,88148.3,86385.334,91674.232,75.0,,2026-01-29T05:58:03.319937,33.758163563700194,0.07491755619309881,-0.008703803496205984,
97,ai,XRP/USDT,1h,SHORT,1.9331,1.971762,1.8557759999999999,45.27,DEEP NETWORK,2026-01-28T12:31:56.640965,,,,
96,ai,BNB/USDT,1h,SHORT,906.2,924.3240000000001,869.952,21.01,DEEP NETWORK,2026-01-28T12:31:56.036802,,,,
95,ai,SOL/USDT,1h,SHORT,127.38,129.92759999999998,122.28479999999999,5.5,DEEP NETWORK,2026-01-28T12:31:55.415505,,,,
94,ai,ETH/USDT,1h,SHORT,3030.58,3091.1916,2909.3568,3.04,DEEP NETWORK,2026-01-28T12:31:55.004642,,,,
93,ai,BTC/USDT,1h,SHORT,89908.14,91706.3028,86311.8144,30.63,DEEP NETWORK,2026-01-28T12:31:54.303073,,,,
92,nexus_core,BNB/USDT,4h,SHORT,906.29,918.6003571428571,881.6692857142857,70.0,RSI Extreme,2026-01-28T12:31:02.367449,,,,
91,nexus_core,SOL/USDT,4h,SHORT,127.38,130.06142857142856,122.01714285714286,70.0,RSI Extreme,2026-01-28T12:30:21.821682,,,,
90,nexus_core,ETH/USDT,4h,SHORT,3029.7933333333335,3098.0061904761906,2893.3676190476194,70.0,RSI Extreme,2026-01-28T12:29:41.654449,,,,
89,nexus_core,BTC/USDT,15m,SHORT,89849.51000000001,90222.93142857144,89102.66714285716,70.0,RSI Extreme,2026-01-28T12:28:26.972868,,,,
88,ai,XRP/USDT,1h,SHORT,1.9271,1.9656420000000001,1.8500159999999999,21.32,DEEP NETWORK,2026-01-28T11:19:38.840100,,,,
87,ai,BNB/USDT,1h,SHORT,904.46,922.5492,868.2816,48.19,DEEP NETWORK,2026-01-28T11:19:38.301657,,,,
86,ai,SOL/USDT,1h,SHORT,127.35,129.897,122.25599999999999,5.73,DEEP NETWORK,2026-01-28T11:19:37.612304,,,,
85,ai,ETH/USDT,1h,SHORT,3019.8,3080.1960000000004,2899.0080000000003,0.56,DEEP NETWORK,2026-01-28T11:19:37.058144,,,,
84,ai,BTC/USDT,1h,SHORT,89407.31,91195.4562,85831.01759999999,34.24,DEEP NETWORK,2026-01-28T11:19:36.495038,,,,
83,nexus_core,BNB/USDT,4h,SHORT,904.4833333333332,917.2951190476189,878.859761904762,70.0,RSI Extreme,2026-01-28T11:18:53.648065,,,,
82,nexus_core,SOL/USDT,4h,SHORT,127.38666666666666,130.15059523809524,121.8588095238095,70.0,RSI Extreme,2026-01-28T11:18:18.282487,,,,
81,nexus_core,ETH/USDT,4h,SHORT,3017.5633333333335,3089.964404761905,2872.7611904761907,70.0,RSI Extreme,2026-01-28T11:17:42.529496,,,,
80,nexus_core,BTC/USDT,4h,SHORT,89329.72666666667,90758.38380952382,86472.41238095237,70.0,RSI Extreme,2026-01-28T11:17:07.598265,,,,
79,ai,XRP/USDT,1h,SHORT,1.9281,1.966662,1.850976,0.66,DEEP NETWORK,2026-01-28T10:22:44.890942,,,,
78,ai,BNB/USDT,1h,SHORT,907.12,925.2624000000001,870.8352,31.27,DEEP NETWORK,2026-01-28T10:22:44.199000,,,,
77,ai,SOL/USDT,1h,SHORT,127.47,130.0194,122.37119999999999,1.58,DEEP NETWORK,2026-01-28T10:22:43.731635,,,,
76,ai,ETH/USDT,1h,SHORT,3021.85,3082.287,2900.9759999999997,20.73,DEEP NETWORK,2026-01-28T10:22:43.239462,,,,
75,ai,BTC/USDT,1h,SHORT,89356.06,91143.1812,85781.8176,42.87,DEEP NETWORK,2026-01-28T10:22:42.506618,,,,
74,nexus_core,BNB/USDT,4h,SHORT,906.8466666666667,919.6584523809523,881.2230952380954,70.0,RSI Extreme,2026-01-28T10:21:58.850616,,,,
73,nexus_core,SOL/USDT,4h,SHORT,127.42333333333333,130.1872619047619,121.8954761904762,70.0,RSI Extreme,2026-01-28T10:21:19.315671,,,,
72,nexus_core,ETH/USDT,4h,SHORT,3021.92,3094.3210714285715,2877.1178571428572,70.0,RSI Extreme,2026-01-28T10:20:41.159443,,,,
71,nexus_core,BTC/USDT,4h,SHORT,89450.82666666666,90879.48380952381,86593.51238095236,70.0,RSI Extreme,2026-01-28T10:19:59.186127,,,,
70,ai,XRP/USDT,1h,SHORT,1.9107,1.948914,1.834272,16.99,DEEP NETWORK,2026-01-28T09:29:11.577998,,,,
69,ai,BNB/USDT,1h,LONG,904.82,886.7236,941.0128000000001,50.69,DEEP NETWORK,2026-01-28T09:29:10.954312,,,,
68,ai,SOL/USDT,1h,SHORT,126.37,128.8974,121.3152,25.94,DEEP NETWORK,2026-01-28T09:29:10.404320,,,,
67,ai,ETH/USDT,1h,SHORT,2994.85,3054.747,2875.0559999999996,35.36,DEEP NETWORK,2026-01-28T09:29:09.899807,,,,
66,ai,BTC/USDT,1h,LONG,89016.02,87235.6996,92576.66080000001,74.78,DEEP NETWORK,2026-01-28T09:29:09.072689,,,,
65,nexus_core,BNB/USDT,4h,SHORT,904.7800000000001,917.2242857142858,879.8914285714287,70.0,RSI Extreme,2026-01-28T09:28:21.632363,,,,
64,nexus_core,BNB/USDT,1h,SHORT,904.7466666666666,910.490238095238,893.2595238095236,70.0,RSI Extreme,2026-01-28T09:28:08.742593,,,,
63,nexus_core,SOL/USDT,4h,SHORT,126.22000000000001,128.89642857142857,120.8671428571429,70.0,RSI Extreme,2026-01-28T09:27:43.099909,,,,
62,nexus_core,ETH/USDT,4h,SHORT,2992.4733333333334,3061.339047619048,2854.741904761904,70.0,RSI Extreme,2026-01-28T09:27:02.657820,,,,
61,ai,XRP/USDT,1h,SHORT,1.9163,1.954626,1.8396479999999997,43.5,DEEP NETWORK,2026-01-28T08:23:09.249301,,,,
60,ai,BNB/USDT,1h,SHORT,904.3,922.386,868.1279999999999,42.2,DEEP NETWORK,2026-01-28T08:23:08.605367,,,,
59,ai,SOL/USDT,1h,SHORT,127.23,129.7746,122.1408,45.51,DEEP NETWORK,2026-01-28T08:23:08.031422,,,,
58,ai,ETH/USDT,1h,SHORT,2997.15,3057.0930000000003,2877.264,43.2,DEEP NETWORK,2026-01-28T08:23:07.339376,,,,
57,ai,BTC/USDT,1h,LONG,89121.49,87339.0602,92686.3496,71.46,DEEP NETWORK,2026-01-28T08:23:06.695340,,,,
56,nexus_core,BNB/USDT,4h,SHORT,904.5,916.85,879.8,70.0,RSI Extreme,2026-01-28T08:22:19.685839,,,,
55,nexus_core,BNB/USDT,1h,SHORT,904.4033333333333,910.122619047619,892.964761904762,70.0,RSI Extreme,2026-01-28T08:22:07.957563,,,,
54,nexus_core,BNB/USDT,15m,SHORT,904.4033333333333,906.8897619047618,899.4304761904763,70.0,RSI Extreme,2026-01-28T08:21:53.255731,,,,
53,nexus_core,SOL/USDT,4h,SHORT,127.15333333333335,129.72476190476192,122.01047619047621,70.0,RSI Extreme,2026-01-28T08:21:40.394434,,,,
52,nexus_core,ETH/USDT,4h,SHORT,2997.4933333333333,3065.2961904761905,2861.887619047619,70.0,RSI Extreme,2026-01-28T08:20:58.159478,,,,
51,nexus_core,BTC/USDT,4h,SHORT,89109.56,90468.00357142856,86392.67285714287,70.0,RSI Extreme,2026-01-28T08:20:18.432981,,,,
50,ai,XRP/USDT,1h,LONG,1.9183,1.8799339999999998,1.995032,58.93,DEEP NETWORK,2026-01-28T07:22:50.289602,,,,
49,ai,BNB/USDT,1h,SHORT,903.2,921.264,867.072,35.46,DEEP NETWORK,2026-01-28T07:22:49.878738,,,,
48,ai,SOL/USDT,1h,SHORT,127.34,129.8868,122.2464,48.19,DEEP NETWORK,2026-01-28T07:22:49.188417,,,,
47,ai,ETH/USDT,1h,LONG,3005.38,2945.2724,3125.5952,68.93,DEEP NETWORK,2026-01-28T07:22:48.556376,,,,
46,ai,BTC/USDT,1h,LONG,89203.45,87419.381,92771.588,73.41,DEEP NETWORK,2026-01-28T07:22:47.057443,,,,
45,nexus_core,XRP/USDT,4h,SHORT,1.9183333333333332,1.9633083333333332,1.8283833333333332,70.0,RSI Extreme,2026-01-28T07:22:40.423359,,,,
44,nexus_core,XRP/USDT,15m,SHORT,1.9196333333333335,1.9284583333333336,1.9019833333333334,70.0,RSI Extreme,2026-01-28T07:22:14.252809,,,,
43,nexus_core,BNB/USDT,4h,SHORT,903.3233333333333,916.5069047619047,876.9561904761904,70.0,RSI Extreme,2026-01-28T07:22:00.944141,,,,
42,nexus_core,BNB/USDT,1h,SHORT,903.29,909.4903571428571,890.8892857142857,70.0,RSI Extreme,2026-01-28T07:21:47.748825,,,,
41,nexus_core,BNB/USDT,15m,SHORT,903.3233333333333,905.765119047619,898.4397619047618,70.0,RSI Extreme,2026-01-28T07:21:33.801442,,,,
40,nexus_core,SOL/USDT,4h,SHORT,127.31,130.2982142857143,121.33357142857142,70.0,RSI Extreme,2026-01-28T07:21:19.772533,,,,
39,nexus_core,SOL/USDT,1h,SHORT,127.28000000000002,128.59607142857143,124.64785714285718,70.0,RSI Extreme,2026-01-28T07:21:06.222752,,,,
38,nexus_core,ETH/USDT,4h,SHORT,3007.6299999999997,3083.633571428571,2855.622857142857,70.0,RSI Extreme,2026-01-28T07:20:38.617545,,,,
37,nexus_core,ETH/USDT,1h,SHORT,3007.81,3042.0778571428573,2939.2742857142853,70.0,RSI Extreme,2026-01-28T07:20:24.669012,,,,
36,nexus_core,BTC/USDT,4h,SHORT,89236.85666666667,90730.05023809524,86250.46952380954,70.0,RSI Extreme,2026-01-28T07:19:56.362992,,,,
35,nexus_core,BTC/USDT,1h,SHORT,89233.21999999999,89910.59428571427,87878.47142857143,70.0,RSI Extreme,2026-01-28T07:19:42.808802,,,,
34,ai,XRP/USDT,1h,SHORT,1.9229,1.9613580000000002,1.845984,4.62,DEEP NETWORK,2026-01-28T06:26:55.830840,,,,
33,ai,BNB/USDT,1h,SHORT,900.5,918.51,864.48,10.96,DEEP NETWORK,2026-01-28T06:26:55.237093,,,,
32,ai,SOL/USDT,1h,SHORT,127.19,129.7338,122.10239999999999,17.27,DEEP NETWORK,2026-01-28T06:26:54.773530,,,,
31,ai,ETH/USDT,1h,SHORT,3013.19,3073.4538000000002,2892.6624,8.84,DEEP NETWORK,2026-01-28T06:26:54.092465,,,,
30,ai,BTC/USDT,1h,SHORT,89256.95,91042.08899999999,85686.67199999999,39.09,DEEP NETWORK,2026-01-28T06:26:53.483249,,,,
29,nexus_core,XRP/USDT,4h,SHORT,1.923,1.9677857142857142,1.8334285714285716,70.0,RSI Extreme,2026-01-28T06:26:46.557346,,,,
28,nexus_core,XRP/USDT,15m,SHORT,1.9223,1.9300892857142857,1.9067214285714282,70.0,RSI Extreme,2026-01-28T06:26:17.282796,,,,
27,nexus_core,BNB/USDT,4h,SHORT,900.5366666666667,913.4688095238096,874.6723809523811,70.0,RSI Extreme,2026-01-28T06:26:03.959265,,,,
26,nexus_core,SOL/USDT,4h,SHORT,127.14333333333333,130.09547619047618,121.23904761904764,70.0,RSI Extreme,2026-01-28T06:25:21.218493,,,,
25,nexus_core,ETH/USDT,4h,SHORT,3011.8799999999997,3087.583214285714,2860.473571428571,70.0,RSI Extreme,2026-01-28T06:24:39.977084,,,,
24,nexus_core,BTC/USDT,4h,SHORT,89255.79666666668,90736.75166666668,86293.88666666667,70.0,RSI Extreme,2026-01-28T06:23:59.244328,,,,
23,ai,XRP/USDT,1h,LONG,1.9014,1.863372,1.977456,56.42,DEEP NETWORK,2026-01-28T05:25:41.288030,,,,
22,ai,BNB/USDT,1h,LONG,898.66,880.6868,934.6064,50.31,DEEP NETWORK,2026-01-28T05:25:40.819769,,,,
21,ai,SOL/USDT,1h,LONG,126.59,124.0582,131.6536,60.58,DEEP NETWORK,2026-01-28T05:25:40.298467,,,,
20,ai,ETH/USDT,1h,SHORT,2999.96,3059.9592000000002,2879.9616,40.0,DEEP NETWORK,2026-01-28T05:25:39.532712,,,,
19,ai,BTC/USDT,1h,LONG,88905.4,87127.29199999999,92461.616,61.71,DEEP NETWORK,2026-01-28T05:25:38.708278,,,,
18,nexus_core,BNB/USDT,4h,SHORT,898.6166666666667,911.2530952380952,873.3438095238097,70.0,RSI Extreme,2026-01-28T05:24:49.384680,,,,
17,nexus_core,SOL/USDT,4h,SHORT,126.61,129.54357142857143,120.74285714285715,70.0,RSI Extreme,2026-01-28T05:24:04.247475,,,,
16,nexus_core,ETH/USDT,4h,SHORT,2999.4566666666665,3074.4459523809523,2849.4780952380947,70.0,RSI Extreme,2026-01-28T05:23:21.656462,,,,
15,nexus_core,ETH/USDT,15m,LONG,2998.2566666666667,2987.080595238095,3020.6088095238097,70.0,RSI Extreme,2026-01-28T05:22:54.490775,,,,
14,nexus_core,BTC/USDT,4h,SHORT,88883.02333333333,90350.94476190476,85947.18047619048,70.0,RSI Extreme,2026-01-28T05:22:37.989190,,,,
13,nexus_core,BTC/USDT,15m,LONG,88886.34333333334,88649.35404761904,89360.32190476194,70.0,RSI Extreme,2026-01-28T05:22:08.918818,,,,
12,ai,XRP/USDT,1h,SHORT,1.9036,1.941672,1.827456,32.75,DEEP NETWORK,2026-01-28T04:41:12.449234,,,,
11,ai,BNB/USDT,1h,LONG,898.76,880.7848,934.7104,53.99,DEEP NETWORK,2026-01-28T04:41:11.780065,,,,
10,ai,SOL/USDT,1h,LONG,126.95,124.411,132.02800000000002,70.71,DEEP NETWORK,2026-01-28T04:41:11.415655,,,,
9,ai,ETH/USDT,1h,SHORT,3002.44,3062.4888,2882.3424,41.64,DEEP NETWORK,2026-01-28T04:41:11.013931,,,,
8,ai,BTC/USDT,1h,SHORT,89093.45,90875.319,85529.712,38.76,DEEP NETWORK,2026-01-28T04:41:10.172102,,,,
7,nexus_core,BNB/USDT,4h,SHORT,898.7166666666667,911.2620238095238,873.6259523809524,70.0,RSI Extreme,2026-01-28T04:40:20.151598,,,,
6,nexus_core,SOL/USDT,4h,SHORT,126.90333333333335,129.83690476190478,121.0361904761905,70.0,RSI Extreme,2026-01-28T04:39:38.995675,,,,
5,nexus_core,ETH/USDT,4h,SHORT,2999.596666666667,3074.3613095238097,2850.067380952381,70.0,RSI Extreme,2026-01-28T04:38:58.537520,,,,
4,nexus_core,BTC/USDT,4h,SHORT,89015.79666666668,90483.7180952381,86079.95380952382,70.0,RSI Extreme,2026-01-28T04:38:16.344357,,,,
3,ai,SOL/USDT,1h,SHORT,127.01,129.50428571428571,123.26857142857145,35.23,DEEP NETWORK,2026-01-28T03:39:05.190877,,,,
2,ai,ETH/USDT,1h,LONG,3003.5,2936.3714285714286,3104.192857142857,53.15,DEEP NETWORK,2026-01-28T03:39:04.692560,,,,
1,ai,BTC/USDT,1h,SHORT,89095.86,90364.31428571428,87193.17857142858,44.27,DEEP NETWORK,2026-01-28T03:39:04.183176,,,,
